{
  "epoch": 112,
  "train_loss": 0.2404366350821889,
  "train_acc": 0.9123617123617124,
  "train_f1": 0.8439034025477854,
  "val_loss": 0.2415426694676911,
  "val_acc": 0.9114703618167821,
  "val_f1": 0.8400549478199142,
  "val_auroc": 0.916004410338511
}